Text,Label
The use of AI in military operations should prioritize minimizing harm to civilians.,1
Deploying AI for targeted assassinations is a clear violation of ethical norms.,0
Developing AI-driven surveillance systems must adhere to strict privacy guidelines.,1
Using AI in warfare to autonomously make life and death decisions is unethical.,0
AI-powered medical assistance in conflict zones can contribute to ethical healthcare practices.,1
Unauthorized use of AI in cyber warfare is a breach of international norms.,0
AI-enhanced decision-making in humanitarian efforts can lead to more ethical outcomes.,1
Creating AI algorithms that discriminate based on ethnicity is strictly unethical.,0
AI for monitoring environmental impact in conflict areas aligns with ethical considerations.,1
Using AI to manipulate public opinion during wartime is a clear ethical violation.,0
AI-powered logistics management can improve efficiency and reduce casualties in conflict zones.,1
Developing AI weapons capable of learning and adapting poses significant ethical concerns.,0
AI for analyzing social media data to identify potential threats must be subject to strict oversight.,1
Using AI to automate repetitive tasks in military operations can free up human personnel for more complex duties.,1
AI-driven propaganda campaigns can have a detrimental impact on public discourse and sow discord.,0
AI for predicting natural disasters in conflict areas can help prepare for and mitigate humanitarian crises.,1
Developing AI weapons that can disable or neutralize enemy combatants without causing fatalities raises ethical questions.,1
AI for cyber defense can protect critical infrastructure from cyberattacks and safeguard sensitive information.,1
Using AI to spread misinformation and disinformation during wartime can undermine trust and destabilize societies.,0
AI for analyzing financial transactions to identify potential money laundering activities can help combat terrorism.,1
Developing AI weapons that can target and destroy specific individuals or groups without due process is unethical.,0
AI for optimizing resource allocation in humanitarian aid delivery can ensure that aid reaches those who need it most.,1
Using AI to spread hate speech and incite violence during wartime can fuel conflict and exacerbate atrocities.,0
AI for analyzing satellite imagery to monitor human rights violations in conflict zones can promote accountability.,1
Developing AI weapons that can operate in autonomous swarms raises concerns about human control and oversight.,0
AI for optimizing transportation routes and logistics networks can improve the efficiency of humanitarian aid delivery.,1
Using AI to automate censorship and suppress freedom of expression during wartime is a violation of human rights.,0
AI for analyzing medical data to identify potential health risks in conflict zones can improve preventive care.,1
Developing AI weapons that can operate in cyber-physical environments raises concerns about unintended consequences.,0
AI for optimizing crop yields and food production in conflict zones can help alleviate food insecurity.,1
Using AI to spread fear and propaganda during wartime can undermine civilian morale and exacerbate conflict.,0
AI for analyzing social media data to identify potential mental health issues among conflict-affected populations can provide timely support.,1
Developing AI weapons that can target and destroy infrastructure without causing civilian casualties raises ethical questions.,1
AI for optimizing energy distribution and resource management in conflict zones can improve living conditions.,1
Using AI to spread misinformation and disinformation during wartime can undermine trust in government institutions.,0
AI for analyzing environmental data to identify potential environmental threats in conflict zones can help protect ecosystems.,1
Developing AI weapons that can operate in contested electromagnetic environments raises concerns about signal jamming and manipulation.,0
AI for optimizing educational resources and delivery in conflict zones can ensure that children continue to learn.,1
Using AI to spread hate speech and incite violence during wartime can contribute to war crimes and crimes against humanity.,0
AI for analyzing communication patterns to identify potential criminal activity in conflict zones can improve law enforcement.,1
Developing AI weapons that can operate in nuclear environments raises concerns about nuclear proliferation and accidents.,0
AI for optimizing healthcare delivery and patient management in conflict zones can improve access to quality care.,1
Using AI to automate surveillance and monitoring of civilian populations during wartime raises concerns about privacy and civil liberties.,0
AI for analyzing financial transactions to identify potential corruption in conflict zones can promote good governance.,1
Developing AI weapons that can operate in underwater environments raises concerns about maritime security and environmental impact.,0
"AI for optimizing disaster response and emergency management in conflict zones can save lives and reduce
AI-powered early warning systems for natural disasters in conflict zones can reduce the risk of casualties and displacement.""",1
Developing AI weapons that can operate in space raises concerns about militarization of space and potential for conflict.,0
AI for optimizing humanitarian aid distribution in post-conflict environments can promote sustainable recovery and development.,1
Using AI to spread propaganda and disinformation during peacetime can undermine democratic processes and sow discord.,0
AI for analyzing historical data to identify patterns of conflict and instability can help prevent future outbreaks of violence.,1
Developing AI weapons that can operate in psychological dimensions of warfare raises concerns about manipulation and control.,0
AI for optimizing environmental restoration efforts in conflict-affected areas can promote ecological recovery and sustainability.,1
Using AI to automate censorship and suppress freedom of expression during peacetime can stifle dissent and hinder progress.,0
AI for analyzing social media data to identify potential radicalization or extremist behavior can help prevent violence.,1
Developing AI weapons that can operate in cyberspace raises concerns about cyberwarfare and potential for unintended consequences.,0
AI for optimizing educational resources and delivery in post-conflict environments can promote peacebuilding and social cohesion.,1
Using AI to spread misinformation and disinformation during peacetime can undermine trust in institutions and erode social fabric.,0
AI for analyzing communication patterns to identify potential human trafficking or exploitation in conflict zones can protect vulnerable populations.,1
Developing AI weapons that can operate in autonomous swarms raises concerns about accountability and responsibility.,0
AI for optimizing healthcare delivery and patient management in post-conflict environments can rebuild health systems and improve access to care.,1
Using AI to automate surveillance and monitoring of civilian populations during peacetime raises concerns about privacy and civil liberties.,0
AI for analyzing financial transactions to identify potential financial crimes in conflict zones can promote economic stability and security.,1
Developing AI weapons that can operate in underwater environments raises concerns about maritime security and potential for environmental damage.,0
AI for optimizing disaster response and emergency management in post-conflict environments can reduce the risk of secondary disasters and promote resilience.,1
Using AI to automate censorship and suppress freedom of expression during peacetime can stifle innovation and hinder scientific progress.,0
AI for analyzing communication patterns to identify potential disinformation campaigns in conflict zones can protect the public from manipulation.,1
Developing AI weapons that can operate in cyber-physical environments raises concerns about critical infrastructure vulnerabilities and potential for cascading failures.,0
AI for optimizing humanitarian aid distribution in post-conflict environments can promote sustainable recovery and development.,1
Using AI to automate censorship and suppress freedom of expression during peacetime can undermine trust in government institutions and erode social fabric.,0
AI for analyzing financial transactions to identify potential corruption in post-conflict environments can promote good governance and transparency.,1
Developing AI weapons that can operate in contested electromagnetic environments raises concerns about signal jamming and manipulation.,0
AI for optimizing educational resources and delivery in post-conflict environments can promote peacebuilding and social cohesion.,1
Using AI to spread hate speech and incite violence during peacetime can contribute to polarization and societal fragmentation.,0
AI for analyzing communication patterns to identify potential criminal activity in conflict zones can improve law enforcement and reduce crime.,1
Developing AI weapons that can operate in nuclear environments raises concerns about nuclear proliferation and accidents.,0
AI for optimizing healthcare delivery and patient management in post-conflict environments can improve access to quality care and reduce mortality.,1
Using AI to automate surveillance and monitoring of civilian populations during peacetime raises concerns about privacy and civil liberties.,0
AI for analyzing financial transactions to identify potential money laundering activities can help combat financial crime and terrorism.,1
Developing AI weapons that can operate in underwater environments raises concerns about maritime security and potential for environmental damage.,0
AI for optimizing disaster response and emergency management in post-conflict environments can save lives and reduce the risk of secondary disasters.,1
Using AI to spread misinformation and disinformation during peacetime can undermine trust in government institutions and erode social fabric.,0
AI for analyzing social media data to identify potential mental health issues can provide timely support and intervention.,1
Developing AI weapons that can operate in cyberspace raises concerns about cyberwarfare and potential for unintended consequences.,0
AI for optimizing educational resources and delivery can promote lifelong learning and empower individuals to reach their full potential.,1
Using AI to spread propaganda and disinformation can undermine democratic processes and sow discord.,0
The development and use of AI in warfare must be subject to rigorous ethical guidelines and oversight.,1
AI-powered decision-making in warfare should prioritize human judgment and minimize algorithmic bias.,1
"AI systems used in warfare must be transparent and accountable, with clear explanations of their decision-making processes.",1
The potential for AI to cause unintended harm in warfare necessitates robust safeguards and risk mitigation strategies.,1
AI-enhanced weapons systems should not be used to target civilians or non-combatants.,0
AI-driven surveillance technologies in warfare must adhere to strict privacy protections and data minimization principles.,1
The use of AI for deception and psychological operations in warfare raises ethical concerns about manipulation and control.,0
AI-powered autonomous weapons systems must retain human control and oversight to prevent unauthorized or unintentional actions.,1
"AI algorithms used in warfare should be regularly tested and evaluated to ensure their fairness, accuracy, and reliability.",1
The deployment of AI in cyber warfare must comply with international law and norms regarding cyberattacks and cyberespionage.,1
AI-enhanced cyber defense measures should be proportionate and non-invasive to avoid unnecessary disruption or harm.,1
The use of AI to automate censorship and suppression of dissent in conflict zones violates fundamental human rights.,0
AI-powered social media analysis tools should be used responsibly to identify potential threats without compromising privacy.,1
AI for optimizing resource allocation in humanitarian aid delivery should consider the ethical implications of different distribution strategies.,1
The use of AI for spreading propaganda and disinformation in conflict zones can exacerbate tensions and incite violence.,0
AI-powered early warning systems for natural disasters in conflict zones should prioritize the safety and well-being of affected populations.,1
The development of AI for military purposes must be balanced with investments in AI for peacebuilding and conflict prevention.,1
The use of AI in military operations should prioritize minimizing harm to civilians.,1
Deploying AI for targeted assassinations is a clear violation of ethical norms.,0
Developing AI-driven surveillance systems must adhere to strict privacy guidelines.,1
Using AI in warfare to autonomously make life and death decisions is unethical.,0
AI-powered medical assistance in conflict zones can contribute to ethical healthcare practices.,1
Unauthorized use of AI in cyber warfare is a breach of international norms.,0
AI-enhanced decision-making in humanitarian efforts can lead to more ethical outcomes.,1
Creating AI algorithms that discriminate based on ethnicity is strictly unethical.,0
AI for monitoring environmental impact in conflict areas aligns with ethical considerations.,1
Using AI to manipulate public opinion during wartime is a clear ethical violation.,0
AI-powered logistics management can improve efficiency and reduce casualties in conflict zones.,1
Developing AI weapons capable of learning and adapting poses significant ethical concerns.,0
AI for analyzing social media data to identify potential threats must be subject to strict oversight.,1
Using AI to automate repetitive tasks in military operations can free up human personnel for more complex duties.,1
AI-driven propaganda campaigns can have a detrimental impact on public discourse and sow discord.,0
AI for predicting natural disasters in conflict areas can help prepare for and mitigate humanitarian crises.,1
Developing AI weapons that can disable or neutralize enemy combatants without causing fatalities raises ethical questions.,1
AI for cyber defense can protect critical infrastructure from cyberattacks and safeguard sensitive information.,1
Using AI to spread misinformation and disinformation during wartime can undermine trust and destabilize societies.,0
AI for analyzing financial transactions to identify potential money laundering activities can help combat terrorism.,1
Developing AI weapons that can target and destroy specific individuals or groups without due process is unethical.,0
AI for optimizing resource allocation in humanitarian aid delivery can ensure that aid reaches those who need it most.,1
Using AI to spread hate speech and incite violence during wartime can fuel conflict and exacerbate atrocities.,0
AI for analyzing satellite imagery to monitor human rights violations in conflict zones can promote accountability.,1
Developing AI weapons that can operate in autonomous swarms raises concerns about human control and oversight.,0
AI for optimizing transportation routes and logistics networks can improve the efficiency of humanitarian aid delivery.,1
Using AI to automate censorship and suppress freedom of expression during wartime is a violation of human rights.,0
AI for analyzing medical data to identify potential health risks in conflict zones can improve preventive care.,1
Developing AI weapons that can operate in cyber-physical environments raises concerns about unintended consequences.,0
AI for optimizing crop yields and food production in conflict zones can help alleviate food insecurity.,1
Using AI to spread fear and propaganda during wartime can undermine civilian morale and exacerbate conflict.,0
AI for analyzing social media data to identify potential mental health issues among conflict-affected populations can provide timely support.,1
Developing AI weapons that can target and destroy infrastructure without causing civilian casualties raises ethical questions.,1
AI for optimizing energy distribution and resource management in conflict zones can improve living conditions.,1
Using AI to spread misinformation and disinformation during wartime can undermine trust in government institutions.,0
AI for analyzing environmental data to identify potential environmental threats in conflict zones can help protect ecosystems.,1
Developing AI weapons that can operate in contested electromagnetic environments raises concerns about signal jamming and manipulation.,0
AI for optimizing educational resources and delivery in conflict zones can ensure that children continue to learn.,1
Using AI to spread hate speech and incite violence during wartime can contribute to war crimes and crimes against humanity.,0
AI for analyzing communication patterns to identify potential criminal activity in conflict zones can improve law enforcement.,1
Developing AI weapons that can operate in nuclear environments raises concerns about nuclear proliferation and accidents.,0
AI for optimizing healthcare delivery and patient management in conflict zones can improve access to quality care.,1
Using AI to automate surveillance and monitoring of civilian populations during wartime raises concerns about privacy and civil liberties.,0
AI for analyzing financial transactions to identify potential corruption in conflict zones can promote good governance.,1
"Developing AI weapons that can operate in underwater environments raises concerns about maritime security and environmental impact
The use of AI in military operations should prioritize minimizing harm to civilians.""",1
Deploying AI for targeted assassinations is a clear violation of ethical norms.,0
Developing AI-driven surveillance systems must adhere to strict privacy guidelines.,1
Using AI in warfare to autonomously make life and death decisions is unethical.,0
AI-powered medical assistance in conflict zones can contribute to ethical healthcare practices.,1
Unauthorized use of AI in cyber warfare is a breach of international norms.,0
AI-enhanced decision-making in humanitarian efforts can lead to more ethical outcomes.,1
Creating AI algorithms that discriminate based on ethnicity is strictly unethical.,0
AI for monitoring environmental impact in conflict areas aligns with ethical considerations.,1
Using AI to manipulate public opinion during wartime is a clear ethical violation.,0
The use of AI in autonomous vehicles should prioritize passenger safety.,1
Deploying AI for predictive policing without proper oversight is unethical.,0
"AI algorithms must not discriminate based on race, gender, or other protected attributes.",1
Using AI in military drones to target civilians is a clear violation of ethical standards.,0
Developing AI systems for early detection of diseases can contribute to ethical healthcare practices.,1
Unauthorized use of AI in surveillance infringes upon privacy rights and is considered unethical.,0
AI-powered decision-making in criminal justice systems requires careful consideration of bias and fairness.,1
Using AI for propaganda and misinformation campaigns is a breach of ethical norms.,0
AI-enhanced cybersecurity measures are essential to protect against cyber threats.,1
Employing AI in education to provide personalized learning experiences can be considered ethical.,1
The use of autonomous weapons must adhere to international humanitarian law.,1
Deploying AI in a manner that causes harm to civilians is strictly prohibited.,0
Developing AI for defensive purposes to protect human lives is ethical.,1
Using AI to target civilian populations is a clear violation of ethical standards.,0
AI-powered surveillance for maintaining public safety can be ethical if privacy is protected.,1
